epoch,time,train/box_loss,train/cls_loss,train/dfl_loss,metrics/precision(B),metrics/recall(B),metrics/mAP50(B),metrics/mAP50-95(B),val/box_loss,val/cls_loss,val/dfl_loss,lr/pg0,lr/pg1,lr/pg2
1,38.1552,1.53599,4.30535,0.96952,0,0,0,0,3.27683,4.47356,1.69627,0.00021,0.00021,0.07921
2,64.2354,1.53333,2.2951,0.95926,0.125,0.00833,0.00438,0.00237,1.72155,4.38839,1.05011,0.000421486,0.000421486,0.0574215
3,87.3146,1.4525,1.81182,0.99532,0.24762,0.12917,0.08458,0.0503,1.57422,4.19812,1.05334,0.00062426,0.00062426,0.0356243
4,111.946,1.46602,1.64192,0.97022,0.21743,0.56622,0.31753,0.19509,1.29456,2.86559,0.93353,0.000818322,0.000818322,0.0138183
5,136.62,1.38414,1.54757,0.92948,0.38889,0.44494,0.27548,0.17993,1.28456,3.18592,0.92134,0.0009208,0.0009208,0.0009208
6,159.855,1.42205,1.4589,0.92262,0.57574,0.33269,0.38659,0.24693,1.25047,1.9187,0.90293,0.000901,0.000901,0.000901
7,183.724,1.31827,1.35035,0.93389,0.79675,0.29384,0.41719,0.24782,1.2809,2.11517,0.90398,0.0008812,0.0008812,0.0008812
8,208.123,1.3575,1.29707,0.92116,0.69611,0.44714,0.471,0.28041,1.27097,1.7129,0.8943,0.0008614,0.0008614,0.0008614
9,232.874,1.32091,1.16591,0.92353,0.75082,0.43714,0.50785,0.31611,1.26905,1.63092,0.89324,0.0008416,0.0008416,0.0008416
10,258.463,1.30931,1.12838,0.91422,0.71289,0.5228,0.58727,0.35996,1.25251,1.32619,0.90604,0.0008218,0.0008218,0.0008218
11,283.148,1.33264,1.06794,0.90885,0.8308,0.58102,0.62344,0.37847,1.23896,0.93235,0.90071,0.000802,0.000802,0.000802
12,307.732,1.36313,1.01814,0.91601,0.89648,0.59662,0.67394,0.39281,1.19682,0.90745,0.88203,0.0007822,0.0007822,0.0007822
13,330.986,1.27333,1.00641,0.88173,0.91075,0.59452,0.68311,0.41557,1.1621,0.85901,0.8709,0.0007624,0.0007624,0.0007624
14,355.091,1.20376,0.92187,0.85584,0.82294,0.61303,0.66417,0.43009,1.09928,0.84777,0.86087,0.0007426,0.0007426,0.0007426
15,379.832,1.26005,0.93941,0.89947,0.87892,0.6394,0.7161,0.4416,1.05389,0.77706,0.85447,0.0007228,0.0007228,0.0007228
16,404.549,1.29171,0.91107,0.88456,0.87981,0.67287,0.72393,0.4447,1.13966,0.79408,0.88137,0.000703,0.000703,0.000703
17,428.563,1.23876,0.85608,0.88276,0.92757,0.67882,0.73399,0.4532,1.09958,0.72554,0.85945,0.0006832,0.0006832,0.0006832
18,452.678,1.18911,0.83661,0.88066,0.80901,0.68818,0.70888,0.44754,1.0709,0.72104,0.84898,0.0006634,0.0006634,0.0006634
19,476.171,1.07171,0.813,0.84257,0.83106,0.69476,0.72291,0.45283,1.09049,0.70002,0.85622,0.0006436,0.0006436,0.0006436
20,499.525,1.20213,0.8091,0.92969,0.86754,0.67056,0.71705,0.45614,1.0944,0.71036,0.86646,0.0006238,0.0006238,0.0006238
21,523.811,1.09963,0.77255,0.87037,0.85418,0.67997,0.72857,0.4534,1.05657,0.70746,0.85724,0.000604,0.000604,0.000604
22,547.744,1.17774,0.76189,0.87698,0.8498,0.70394,0.73022,0.45387,1.08127,0.70894,0.8611,0.0005842,0.0005842,0.0005842
23,572.631,1.1214,0.76416,0.85394,0.80618,0.71864,0.73165,0.45894,1.0712,0.71,0.85394,0.0005644,0.0005644,0.0005644
24,596.814,1.05615,0.71446,0.84141,0.88754,0.67618,0.74774,0.4605,1.05409,0.73549,0.85116,0.0005446,0.0005446,0.0005446
25,619.919,1.12929,0.7221,0.85836,0.90851,0.67528,0.72931,0.45446,1.06819,0.69783,0.85621,0.0005248,0.0005248,0.0005248
26,643.306,1.08326,0.72161,0.81367,0.89568,0.63419,0.71475,0.45351,1.05862,0.67003,0.85733,0.000505,0.000505,0.000505
27,667.743,1.09468,0.77468,0.85347,0.83386,0.68716,0.71342,0.46019,1.04508,0.67282,0.85213,0.0004852,0.0004852,0.0004852
28,692.625,1.04764,0.694,0.84763,0.82335,0.66345,0.718,0.46789,0.99483,0.63622,0.84632,0.0004654,0.0004654,0.0004654
29,717.714,1.0785,0.71242,0.86276,0.85756,0.68648,0.72659,0.47204,0.97385,0.62564,0.83951,0.0004456,0.0004456,0.0004456
30,743.823,1.13305,0.70548,0.84028,0.86222,0.66328,0.71738,0.47659,0.98548,0.63868,0.84815,0.0004258,0.0004258,0.0004258
31,769.384,1.08915,0.68869,0.84593,0.90054,0.67017,0.73324,0.47872,1.0005,0.65108,0.84786,0.000406,0.000406,0.000406
32,794.204,1.00023,0.64375,0.85413,0.86246,0.69413,0.73443,0.49274,0.97463,0.65456,0.84929,0.0003862,0.0003862,0.0003862
33,818.389,1.04451,0.65203,0.84395,0.83348,0.71941,0.74738,0.48887,1.00579,0.63397,0.84661,0.0003664,0.0003664,0.0003664
34,842.48,1.05686,0.66494,0.85535,0.89467,0.68758,0.75414,0.50057,0.96855,0.62595,0.85216,0.0003466,0.0003466,0.0003466
35,867.227,1.10132,0.66588,0.83428,0.88775,0.6984,0.74539,0.48424,1.01908,0.64513,0.85062,0.0003268,0.0003268,0.0003268
36,892.046,1.03941,0.64426,0.83019,0.87225,0.70171,0.74146,0.49889,0.95414,0.61003,0.84861,0.000307,0.000307,0.000307
37,916.518,1.0142,0.64407,0.85823,0.85025,0.72778,0.75392,0.49919,0.9512,0.57885,0.83724,0.0002872,0.0002872,0.0002872
38,940.658,1.03673,0.63785,0.83226,0.89808,0.70834,0.75076,0.49111,0.97342,0.59276,0.83603,0.0002674,0.0002674,0.0002674
39,965.173,0.98719,0.60818,0.82485,0.89635,0.71635,0.75252,0.50076,0.93738,0.57998,0.83511,0.0002476,0.0002476,0.0002476
40,989.468,0.95091,0.5979,0.83499,0.85174,0.6993,0.73134,0.4884,0.96298,0.60088,0.84465,0.0002278,0.0002278,0.0002278
41,1020.4,0.9594,0.59656,0.82094,0.83039,0.70437,0.7277,0.48786,0.96507,0.64503,0.84577,0.000208,0.000208,0.000208
42,1045.35,0.9379,0.61523,0.83173,0.82994,0.74875,0.74989,0.49505,0.95716,0.59178,0.84171,0.0001882,0.0001882,0.0001882
43,1069.59,0.97171,0.58059,0.83111,0.79182,0.72873,0.74075,0.48961,0.95466,0.60176,0.84549,0.0001684,0.0001684,0.0001684
44,1093.57,0.96112,0.57991,0.83236,0.88739,0.70613,0.73773,0.48844,0.95483,0.59692,0.84377,0.0001486,0.0001486,0.0001486
45,1117.13,0.8971,0.57514,0.83076,0.87717,0.72327,0.75117,0.49219,0.95712,0.59339,0.83676,0.0001288,0.0001288,0.0001288
46,1141.89,0.954,0.56129,0.80259,0.84658,0.74929,0.75376,0.49651,0.95296,0.5646,0.83474,0.000109,0.000109,0.000109
47,1166.28,0.88789,0.53837,0.82024,0.88195,0.70142,0.75115,0.50904,0.93772,0.57778,0.83563,8.92e-05,8.92e-05,8.92e-05
48,1190.51,0.88182,0.51715,0.8219,0.86102,0.71704,0.75079,0.50428,0.93492,0.57616,0.83427,6.94e-05,6.94e-05,6.94e-05
49,1214.55,0.84664,0.52251,0.82177,0.91333,0.71316,0.75998,0.50626,0.9375,0.57025,0.83191,4.96e-05,4.96e-05,4.96e-05
50,1239.43,0.89183,0.52328,0.81454,0.91174,0.71987,0.7658,0.50378,0.93318,0.56753,0.83031,2.98e-05,2.98e-05,2.98e-05
